2020,All Other,0.0,0.0,0.0,0.0,0.0,GenX,full-base-50,2024-08-07
2020,Batteries,0.0,0.0,0.0,0.0,0.0,GenX,full-base-50,2024-08-07
2020,Coal Integrated Gasification Combined Cycle,0.0,0.0,0.0,0.0,0.0,GenX,full-base-50,2024-08-07
2020,Conventional Hydroelectric,0.0,0.0,0.0,0.0,0.0,GenX,full-base-50,2024-08-07
2020,Conventional Steam Coal,543313.0354051593,768002.0855992011,47607.16051422218,10212.079224606023,3548.5664873038895,GenX,full-base-50,2024-08-07
2020,Geothermal,0.0,0.0,0.0,0.0,0.0,GenX,full-base-50,2024-08-07
2020,Hydroelectric Pumped Storage,0.0,0.0,0.0,0.0,0.0,GenX,full-base-50,2024-08-07
2020,Landfill Gas,0.0,0.0,0.0,0.0,0.0,GenX,full-base-50,2024-08-07
2020,Municipal Solid Waste,0.0,0.0,0.0,0.0,0.0,GenX,full-base-50,2024-08-07
2020,Natural Gas Fired Combined Cycle,107110.16844793526,4177.98664728989,37944.06991805458,8338.272353995362,23703.5409805106,GenX,full-base-50,2024-08-07
2020,Natural Gas Fired Combustion Turbine,29592.95881686198,561.1601798193723,4900.772923830122,1366.6610730163482,3968.586298573384,GenX,full-base-50,2024-08-07
2020,Natural Gas Internal Combustion Engine,12459.22180575415,313.71652954312145,3449.675222937632,1097.6157077389962,0.0,GenX,full-base-50,2024-08-07
2020,Natural Gas Steam Turbine,91268.86647618325,8105.65461830346,5266.434402045714,2991.2882033427773,1822.9760115685174,GenX,full-base-50,2024-08-07
2020,Natural Gas with Compressed Air Storage,0.0,0.0,0.0,0.0,0.0,GenX,full-base-50,2024-08-07
2020,Nuclear,0.0,0.0,0.0,0.0,0.0,GenX,full-base-50,2024-08-07
2020,Offshore Wind Turbine,0.0,0.0,0.0,0.0,0.0,GenX,full-base-50,2024-08-07
2020,Onshore Wind Turbine,0.0,0.0,0.0,0.0,0.0,GenX,full-base-50,2024-08-07
2020,Other Gases,0.0,0.0,0.0,0.0,0.0,GenX,full-base-50,2024-08-07
2020,Other Natural Gas,0.0,0.0,0.0,0.0,0.0,GenX,full-base-50,2024-08-07
2020,Other Waste Biomass,0.0,0.0,0.0,0.0,0.0,GenX,full-base-50,2024-08-07
2020,Petroleum Coke,0.0,0.0,0.0,0.0,0.0,GenX,full-base-50,2024-08-07
2020,Petroleum Liquids,1905.09699622231,129.27466413849345,512.6500714965288,87.63952713076634,310.47857914932905,GenX,full-base-50,2024-08-07
2020,Solar Photovoltaic,0.0,0.0,0.0,0.0,0.0,GenX,full-base-50,2024-08-07
2020,Solar Thermal with Energy Storage,0.0,0.0,0.0,0.0,0.0,GenX,full-base-50,2024-08-07
2020,Solar Thermal without Energy Storage,0.0,0.0,0.0,0.0,0.0,GenX,full-base-50,2024-08-07
2020,Wood/Wood Waste Biomass,0.0,0.0,0.0,0.0,0.0,GenX,full-base-50,2024-08-07
2027,Batteries,0.0,0.0,0.0,0.0,0.0,GenX,full-base-50,2024-08-07
2027,Biomass,12490.436789832343,8602.009606370006,1689.2285135092422,674.7600506016236,1178.946631267285,GenX,full-base-50,2024-08-07
2027,Conventional Hydroelectric,0.0,0.0,0.0,0.0,0.0,GenX,full-base-50,2024-08-07
2027,Conventional Steam Coal,163413.2085053576,230993.32570399795,14318.88863416867,3071.5048652556725,1067.3085265706627,GenX,full-base-50,2024-08-07
2027,Geothermal,0.0,0.0,0.0,0.0,0.0,GenX,full-base-50,2024-08-07
2027,Hydroelectric Pumped Storage,0.0,0.0,0.0,0.0,0.0,GenX,full-base-50,2024-08-07
2027,Natural Gas CCS,1.7808017188555516,0.09207125592663705,0.8029337687280558,0.21713555722700684,0.41164847534999144,GenX,full-base-50,2024-08-07
2027,Natural Gas Fired Combined Cycle,134758.27128789452,5256.440786258002,47738.485914803954,10490.611528617368,29822.081808115647,GenX,full-base-50,2024-08-07
2027,Natural Gas Fired Combustion Turbine,995.4388242717705,18.876133106002303,164.85068855435551,45.97132379092226,133.49408227547602,GenX,full-base-50,2024-08-07
2027,Natural Gas Internal Combustion Engine,4925.512763262056,124.02177233872524,1363.7624889092904,433.921175970115,0.0,GenX,full-base-50,2024-08-07
2027,Natural Gas Steam Turbine,837.3532723735956,74.36595502298371,48.31730962107018,27.443804907287088,16.725034370223057,GenX,full-base-50,2024-08-07
2027,Nuclear,0.0,0.0,0.0,0.0,0.0,GenX,full-base-50,2024-08-07
2027,Offshore Wind Turbine,0.0,0.0,0.0,0.0,0.0,GenX,full-base-50,2024-08-07
2027,Onshore Wind Turbine,0.0,0.0,0.0,0.0,0.0,GenX,full-base-50,2024-08-07
2027,Petroleum Liquids,7.9409469853345405,0.5388509123190665,2.1368607728920335,0.36530467485131274,1.294156645039984,GenX,full-base-50,2024-08-07
2027,Small Hydroelectric,0.0,0.0,0.0,0.0,0.0,GenX,full-base-50,2024-08-07
2027,Solar Photovoltaic,0.0,0.0,0.0,0.0,0.0,GenX,full-base-50,2024-08-07
2030,Batteries,0.0,0.0,0.0,0.0,0.0,GenX,full-base-50,2024-08-07
2030,Biomass,10780.699870023609,7424.534898637418,1458.0007026538665,582.3964135297217,1017.5680809508818,GenX,full-base-50,2024-08-07
2030,Conventional Hydroelectric,0.0,0.0,0.0,0.0,0.0,GenX,full-base-50,2024-08-07
2030,Conventional Steam Coal,27957.518477914295,39519.450298490825,2449.744407043099,525.4878403698546,182.60028137356156,GenX,full-base-50,2024-08-07
2030,Geothermal,0.0,0.0,0.0,0.0,0.0,GenX,full-base-50,2024-08-07
2030,Hydroelectric Pumped Storage,0.0,0.0,0.0,0.0,0.0,GenX,full-base-50,2024-08-07
2030,Natural Gas Fired Combined Cycle,90482.8298967009,3529.4133189714553,32053.789791701525,7043.873517999961,20023.90153584306,GenX,full-base-50,2024-08-07
2030,Natural Gas Fired Combustion Turbine,1018.3874761222581,19.311299784627696,168.65112406752195,47.031137693153475,136.57162872387923,GenX,full-base-50,2024-08-07
2030,Natural Gas Internal Combustion Engine,9001.930541942527,226.6637879022414,2492.4298831250317,793.0399279229671,0.0,GenX,full-base-50,2024-08-07
2030,Natural Gas Steam Turbine,1441.5389946785074,128.02412981352725,83.18028750194206,47.24566827578234,28.792852464375326,GenX,full-base-50,2024-08-07
2030,Nuclear,0.0,0.0,0.0,0.0,0.0,GenX,full-base-50,2024-08-07
2030,Offshore Wind Turbine,0.0,0.0,0.0,0.0,0.0,GenX,full-base-50,2024-08-07
2030,Onshore Wind Turbine,0.0,0.0,0.0,0.0,0.0,GenX,full-base-50,2024-08-07
2030,Petroleum Liquids,7.2672817730250365,0.4931378361681997,1.9555815414723166,0.33431428393246493,1.184367685026434,GenX,full-base-50,2024-08-07
2030,Small Hydroelectric,0.0,0.0,0.0,0.0,0.0,GenX,full-base-50,2024-08-07
2030,Solar Photovoltaic,0.0,0.0,0.0,0.0,0.0,GenX,full-base-50,2024-08-07
2035,Batteries,0.0,0.0,0.0,0.0,0.0,GenX,full-base-50,2024-08-07
2035,Biomass,8505.458055858646,5857.603952059653,1150.293020986191,459.4829952490558,802.8126871033418,GenX,full-base-50,2024-08-07
2035,Conventional Hydroelectric,0.0,0.0,0.0,0.0,0.0,GenX,full-base-50,2024-08-07
2035,Conventional Steam Coal,47898.131474374575,67706.57516286621,4197.016977020268,900.2904061783596,312.8393634577375,GenX,full-base-50,2024-08-07
2035,Geothermal,0.0,0.0,0.0,0.0,0.0,GenX,full-base-50,2024-08-07
2035,Hydroelectric Pumped Storage,0.0,0.0,0.0,0.0,0.0,GenX,full-base-50,2024-08-07
2035,Natural Gas Fired Combined Cycle,88077.13119799871,3435.5755705464207,31201.56445261339,6856.595584988571,19491.51905042883,GenX,full-base-50,2024-08-07
2035,Natural Gas Fired Combustion Turbine,2831.3672077777037,53.69015451560348,468.89153042010196,130.75810939458805,379.7026575326437,GenX,full-base-50,2024-08-07
2035,Natural Gas Internal Combustion Engine,11868.165837622095,298.83405694740105,3286.0252646639215,1045.5456567447195,0.0,GenX,full-base-50,2024-08-07
2035,Natural Gas Steam Turbine,1125.5025224016583,99.95670014153008,64.94421846591116,36.887742206935016,22.480438056426312,GenX,full-base-50,2024-08-07
2035,Nuclear,0.0,0.0,0.0,0.0,0.0,GenX,full-base-50,2024-08-07
2035,Offshore Wind Turbine,0.0,0.0,0.0,0.0,0.0,GenX,full-base-50,2024-08-07
2035,Onshore Wind Turbine,0.0,0.0,0.0,0.0,0.0,GenX,full-base-50,2024-08-07
2035,Petroleum Liquids,11.912230971779252,0.8083313663664096,3.2055092583082216,0.5479942971456863,1.9413670558247356,GenX,full-base-50,2024-08-07
2035,Small Hydroelectric,0.0,0.0,0.0,0.0,0.0,GenX,full-base-50,2024-08-07
2035,Solar Photovoltaic,0.0,0.0,0.0,0.0,0.0,GenX,full-base-50,2024-08-07
2040,Batteries,0.0,0.0,0.0,0.0,0.0,GenX,full-base-50,2024-08-07
2040,Biomass,6391.934367957325,4402.046282417761,864.4563815112283,345.3059352636966,603.3215344814232,GenX,full-base-50,2024-08-07
2040,Conventional Hydroelectric,0.0,0.0,0.0,0.0,0.0,GenX,full-base-50,2024-08-07
2040,Conventional Steam Coal,26090.496350295678,36880.314488318916,2286.148806862327,490.3954044463988,170.40611020264228,GenX,full-base-50,2024-08-07
2040,Geothermal,0.0,0.0,0.0,0.0,0.0,GenX,full-base-50,2024-08-07
2040,Hydroelectric Pumped Storage,0.0,0.0,0.0,0.0,0.0,GenX,full-base-50,2024-08-07
2040,Natural Gas Fired Combined Cycle,61028.31816718039,2380.497595174437,21619.44850868556,4750.909699405319,13505.601397224631,GenX,full-base-50,2024-08-07
2040,Natural Gas Fired Combustion Turbine,3180.610309528132,60.312720477722685,526.7282998856042,146.8868430955871,426.53816989405993,GenX,full-base-50,2024-08-07
2040,Natural Gas Internal Combustion Engine,8591.204538120677,216.32192718887026,2378.7091916653085,756.85634275206,0.0,GenX,full-base-50,2024-08-07
2040,Natural Gas Steam Turbine,692.48203147743,61.49983442603529,39.95788853500123,22.695727598696724,13.83142116874005,GenX,full-base-50,2024-08-07
2040,Nuclear,0.0,0.0,0.0,0.0,0.0,GenX,full-base-50,2024-08-07
2040,Offshore Wind Turbine,0.0,0.0,0.0,0.0,0.0,GenX,full-base-50,2024-08-07
2040,Onshore Wind Turbine,0.0,0.0,0.0,0.0,0.0,GenX,full-base-50,2024-08-07
2040,Petroleum Liquids,22.882053365884175,1.5527134678913623,6.157422072088057,1.0526352940262775,3.729147351104119,GenX,full-base-50,2024-08-07
2040,Small Hydroelectric,0.0,0.0,0.0,0.0,0.0,GenX,full-base-50,2024-08-07
2040,Solar Photovoltaic,0.0,0.0,0.0,0.0,0.0,GenX,full-base-50,2024-08-07
2045,Biomass,5229.903177665201,3601.769748459288,707.3012512898064,282.5305305316173,493.63980114623513,GenX,full-base-50,2024-08-07
2045,Conventional Hydroelectric,0.0,0.0,0.0,0.0,0.0,GenX,full-base-50,2024-08-07
2045,Conventional Steam Coal,11641.48289941262,16455.859814865442,1020.0711356071512,218.81261430078501,76.03457562650014,GenX,full-base-50,2024-08-07
2045,Geothermal,0.0,0.0,0.0,0.0,0.0,GenX,full-base-50,2024-08-07
2045,Hydroelectric Pumped Storage,0.0,0.0,0.0,0.0,0.0,GenX,full-base-50,2024-08-07
2045,Natural Gas Fired Combined Cycle,41555.55930118245,1620.9345424136552,14721.170458940918,3235.0016464057194,9196.26882430325,GenX,full-base-50,2024-08-07
2045,Natural Gas Fired Combustion Turbine,2583.0962996389408,48.9822863934175,427.77636677894964,119.2924702939,346.4080981588628,GenX,full-base-50,2024-08-07
2045,Natural Gas Internal Combustion Engine,5341.685590150093,134.5007811385499,1478.9912818273624,470.58460800850156,0.0,GenX,full-base-50,2024-08-07
2045,Natural Gas Steam Turbine,410.1398977670174,36.424823544327175,23.6660643508198,13.442115425316906,8.19200702149121,GenX,full-base-50,2024-08-07
2045,Nuclear,0.0,0.0,0.0,0.0,0.0,GenX,full-base-50,2024-08-07
2045,Offshore Wind Turbine,0.0,0.0,0.0,0.0,0.0,GenX,full-base-50,2024-08-07
2045,Onshore Wind Turbine,0.0,0.0,0.0,0.0,0.0,GenX,full-base-50,2024-08-07
2045,Petroleum Liquids,18.449799778262406,1.2519528792952872,4.96472945691378,0.8487398444438844,3.0068115335352057,GenX,full-base-50,2024-08-07
2045,Small Hydroelectric,0.0,0.0,0.0,0.0,0.0,GenX,full-base-50,2024-08-07
2045,Solar Photovoltaic,0.0,0.0,0.0,0.0,0.0,GenX,full-base-50,2024-08-07
2050,Biomass,3770.880208322397,2596.9586430207764,509.9804335194402,203.71099609995582,355.92562480545894,GenX,full-base-50,2024-08-07
2050,Conventional Hydroelectric,0.0,0.0,0.0,0.0,0.0,GenX,full-base-50,2024-08-07
2050,Conventional Steam Coal,4035.609499667196,5704.55025084591,353.61549733498555,75.8530740928045,26.357969886890434,GenX,full-base-50,2024-08-07
2050,Geothermal,0.0,0.0,0.0,0.0,0.0,GenX,full-base-50,2024-08-07
2050,Hydroelectric Pumped Storage,0.0,0.0,0.0,0.0,0.0,GenX,full-base-50,2024-08-07
2050,Natural Gas Fired Combined Cycle,28908.034727901213,1127.599599950885,10240.750311602913,2250.4218812536383,6397.364468452938,GenX,full-base-50,2024-08-07
2050,Natural Gas Fired Combustion Turbine,1511.7817216750927,28.667349825778388,250.36019460497513,69.81705488447918,202.73864010025517,GenX,full-base-50,2024-08-07
2050,Natural Gas Internal Combustion Engine,3470.621775013432,87.3883967705877,960.9362552581164,305.7501532010937,0.0,GenX,full-base-50,2024-08-07
2050,Natural Gas Steam Turbine,179.34713357435393,15.92794977809658,10.348763500976967,5.87800622136905,3.582223981437732,GenX,full-base-50,2024-08-07
2050,Nuclear,0.0,0.0,0.0,0.0,0.0,GenX,full-base-50,2024-08-07
2050,Onshore Wind Turbine,0.0,0.0,0.0,0.0,0.0,GenX,full-base-50,2024-08-07
2050,Petroleum Liquids,12.302733490308276,0.8348297976946717,3.3105911226124776,0.5659584512728094,2.0050082601033328,GenX,full-base-50,2024-08-07
2050,Small Hydroelectric,0.0,0.0,0.0,0.0,0.0,GenX,full-base-50,2024-08-07
2050,Solar Photovoltaic,0.0,0.0,0.0,0.0,0.0,GenX,full-base-50,2024-08-07
2020,All Other,0.0,0.0,0.0,0.0,0.0,GenX,full-base-200,2024-08-07
2020,Batteries,0.0,0.0,0.0,0.0,0.0,GenX,full-base-200,2024-08-07
2020,Coal Integrated Gasification Combined Cycle,0.0,0.0,0.0,0.0,0.0,GenX,full-base-200,2024-08-07
2020,Conventional Hydroelectric,0.0,0.0,0.0,0.0,0.0,GenX,full-base-200,2024-08-07
2020,Conventional Steam Coal,543313.0354051593,768002.0855992011,47607.16051422218,10212.079224606023,3548.5664873038895,GenX,full-base-200,2024-08-07
2020,Geothermal,0.0,0.0,0.0,0.0,0.0,GenX,full-base-200,2024-08-07
2020,Hydroelectric Pumped Storage,0.0,0.0,0.0,0.0,0.0,GenX,full-base-200,2024-08-07
2020,Landfill Gas,0.0,0.0,0.0,0.0,0.0,GenX,full-base-200,2024-08-07
2020,Municipal Solid Waste,0.0,0.0,0.0,0.0,0.0,GenX,full-base-200,2024-08-07
2020,Natural Gas Fired Combined Cycle,107110.16844793526,4177.98664728989,37944.06991805458,8338.272353995362,23703.5409805106,GenX,full-base-200,2024-08-07
2020,Natural Gas Fired Combustion Turbine,29592.95881686198,561.1601798193723,4900.772923830122,1366.6610730163482,3968.586298573384,GenX,full-base-200,2024-08-07
2020,Natural Gas Internal Combustion Engine,12459.22180575415,313.71652954312145,3449.675222937632,1097.6157077389962,0.0,GenX,full-base-200,2024-08-07
2020,Natural Gas Steam Turbine,91268.86647618325,8105.65461830346,5266.434402045714,2991.2882033427773,1822.9760115685174,GenX,full-base-200,2024-08-07
2020,Natural Gas with Compressed Air Storage,0.0,0.0,0.0,0.0,0.0,GenX,full-base-200,2024-08-07
2020,Nuclear,0.0,0.0,0.0,0.0,0.0,GenX,full-base-200,2024-08-07
2020,Offshore Wind Turbine,0.0,0.0,0.0,0.0,0.0,GenX,full-base-200,2024-08-07
2020,Onshore Wind Turbine,0.0,0.0,0.0,0.0,0.0,GenX,full-base-200,2024-08-07
2020,Other Gases,0.0,0.0,0.0,0.0,0.0,GenX,full-base-200,2024-08-07
2020,Other Natural Gas,0.0,0.0,0.0,0.0,0.0,GenX,full-base-200,2024-08-07
2020,Other Waste Biomass,0.0,0.0,0.0,0.0,0.0,GenX,full-base-200,2024-08-07
2020,Petroleum Coke,0.0,0.0,0.0,0.0,0.0,GenX,full-base-200,2024-08-07
2020,Petroleum Liquids,1905.09699622231,129.27466413849345,512.6500714965288,87.63952713076634,310.47857914932905,GenX,full-base-200,2024-08-07
2020,Solar Photovoltaic,0.0,0.0,0.0,0.0,0.0,GenX,full-base-200,2024-08-07
2020,Solar Thermal with Energy Storage,0.0,0.0,0.0,0.0,0.0,GenX,full-base-200,2024-08-07
2020,Solar Thermal without Energy Storage,0.0,0.0,0.0,0.0,0.0,GenX,full-base-200,2024-08-07
2020,Wood/Wood Waste Biomass,0.0,0.0,0.0,0.0,0.0,GenX,full-base-200,2024-08-07
2027,Batteries,0.0,0.0,0.0,0.0,0.0,GenX,full-base-200,2024-08-07
2027,Biomass,12490.436789832343,8602.009606370006,1689.2285135092422,674.7600506016236,1178.946631267285,GenX,full-base-200,2024-08-07
2027,Conventional Hydroelectric,0.0,0.0,0.0,0.0,0.0,GenX,full-base-200,2024-08-07
2027,Conventional Steam Coal,163398.93100262963,230973.14368892068,14317.637584921147,3071.236506170787,1067.2152752322972,GenX,full-base-200,2024-08-07
2027,Geothermal,0.0,0.0,0.0,0.0,0.0,GenX,full-base-200,2024-08-07
2027,Hydroelectric Pumped Storage,0.0,0.0,0.0,0.0,0.0,GenX,full-base-200,2024-08-07
2027,Natural Gas CCS,1.7755537902371548,0.09179992679785585,0.8005675653158684,0.21649567020714508,0.4104353690329687,GenX,full-base-200,2024-08-07
2027,Natural Gas Fired Combined Cycle,134762.56591736982,5256.608304476514,47740.007299033336,10490.945855327367,29823.032212052443,GenX,full-base-200,2024-08-07
2027,Natural Gas Fired Combustion Turbine,994.9774864719648,18.86738493031975,164.77428822507386,45.950018303478195,133.43221421819072,GenX,full-base-200,2024-08-07
2027,Natural Gas Internal Combustion Engine,4907.256497402843,123.56208934591395,1358.707743999877,432.31286009901646,0.0,GenX,full-base-200,2024-08-07
2027,Natural Gas Steam Turbine,836.4874442584405,74.28906019639906,48.26734924413155,27.41542785466245,16.70774058818095,GenX,full-base-200,2024-08-07
2027,Nuclear,0.0,0.0,0.0,0.0,0.0,GenX,full-base-200,2024-08-07
2027,Offshore Wind Turbine,0.0,0.0,0.0,0.0,0.0,GenX,full-base-200,2024-08-07
2027,Onshore Wind Turbine,0.0,0.0,0.0,0.0,0.0,GenX,full-base-200,2024-08-07
2027,Petroleum Liquids,7.89084288852162,0.5354509855435287,2.123378063683869,0.3629997531802872,1.285991050942212,GenX,full-base-200,2024-08-07
2027,Small Hydroelectric,0.0,0.0,0.0,0.0,0.0,GenX,full-base-200,2024-08-07
2027,Solar Photovoltaic,0.0,0.0,0.0,0.0,0.0,GenX,full-base-200,2024-08-07
2030,Batteries,0.0,0.0,0.0,0.0,0.0,GenX,full-base-200,2024-08-07
2030,Biomass,10780.699870023609,7424.534898637418,1458.0007026538665,582.3964135297217,1017.5680809508818,GenX,full-base-200,2024-08-07
2030,Conventional Hydroelectric,0.0,0.0,0.0,0.0,0.0,GenX,full-base-200,2024-08-07
2030,Conventional Steam Coal,115.8433814032391,163.75082636146612,10.150638938492685,2.1773852483659657,0.7566134332060483,GenX,full-base-200,2024-08-07
2030,Geothermal,0.0,0.0,0.0,0.0,0.0,GenX,full-base-200,2024-08-07
2030,Hydroelectric Pumped Storage,0.0,0.0,0.0,0.0,0.0,GenX,full-base-200,2024-08-07
2030,Natural Gas Fired Combined Cycle,36650.12194207196,1429.5908811865434,12983.405867307381,2853.1249925975485,8110.6927566535815,GenX,full-base-200,2024-08-07
2030,Natural Gas Fired Combustion Turbine,498.40599882683784,9.451086038931603,82.53904718487638,23.017369819957054,66.83911636926048,GenX,full-base-200,2024-08-07
2030,Natural Gas Internal Combustion Engine,2587.9763264374496,65.16385728800097,716.5517999476722,227.9920456863934,0.0,GenX,full-base-200,2024-08-07
2030,Natural Gas Steam Turbine,278.81082358892377,24.76139265349907,16.08805904688837,9.137875375974636,5.568880854906886,GenX,full-base-200,2024-08-07
2030,Nuclear,0.0,0.0,0.0,0.0,0.0,GenX,full-base-200,2024-08-07
2030,Offshore Wind Turbine,0.0,0.0,0.0,0.0,0.0,GenX,full-base-200,2024-08-07
2030,Onshore Wind Turbine,0.0,0.0,0.0,0.0,0.0,GenX,full-base-200,2024-08-07
2030,Petroleum Liquids,15.868799844308215,1.0768132930878527,4.270197995629721,0.7300069850751382,2.586179306479246,GenX,full-base-200,2024-08-07
2030,Small Hydroelectric,0.0,0.0,0.0,0.0,0.0,GenX,full-base-200,2024-08-07
2030,Solar Photovoltaic,0.0,0.0,0.0,0.0,0.0,GenX,full-base-200,2024-08-07
2035,Batteries,0.0,0.0,0.0,0.0,0.0,GenX,full-base-200,2024-08-07
2035,Biomass,8505.458055858646,5857.603952059653,1150.293020986191,459.4829952490558,802.8126871033418,GenX,full-base-200,2024-08-07
2035,Conventional Hydroelectric,0.0,0.0,0.0,0.0,0.0,GenX,full-base-200,2024-08-07
2035,Conventional Steam Coal,32.516406446403245,45.963682701642504,2.849211559750676,0.611176425175472,0.21237596502210296,GenX,full-base-200,2024-08-07
2035,Geothermal,0.0,0.0,0.0,0.0,0.0,GenX,full-base-200,2024-08-07
2035,Hydroelectric Pumped Storage,0.0,0.0,0.0,0.0,0.0,GenX,full-base-200,2024-08-07
2035,Natural Gas Fired Combined Cycle,21812.49275340467,850.8277485543338,7727.13517414135,1698.050782039867,4827.117008211417,GenX,full-base-200,2024-08-07
2035,Natural Gas Fired Combustion Turbine,391.2761041721802,7.41962202343804,64.79768883320101,18.06990046797598,52.4723801897125,GenX,full-base-200,2024-08-07
2035,Natural Gas Internal Combustion Engine,1160.7785689350237,29.227782432298103,321.3931922074626,102.26070378500299,0.0,GenX,full-base-200,2024-08-07
2035,Natural Gas Steam Turbine,71.85002250982649,6.381052918346023,4.145920125262555,2.3548459955908596,1.4351100492767854,GenX,full-base-200,2024-08-07
2035,Nuclear,0.0,0.0,0.0,0.0,0.0,GenX,full-base-200,2024-08-07
2035,Offshore Wind Turbine,0.0,0.0,0.0,0.0,0.0,GenX,full-base-200,2024-08-07
2035,Onshore Wind Turbine,0.0,0.0,0.0,0.0,0.0,GenX,full-base-200,2024-08-07
2035,Petroleum Liquids,6.950351646772949,0.47163182586643976,1.870297562648817,0.31973465546561813,1.1327167635859576,GenX,full-base-200,2024-08-07
2035,Small Hydroelectric,0.0,0.0,0.0,0.0,0.0,GenX,full-base-200,2024-08-07
2035,Solar Photovoltaic,0.0,0.0,0.0,0.0,0.0,GenX,full-base-200,2024-08-07
2040,Batteries,0.0,0.0,0.0,0.0,0.0,GenX,full-base-200,2024-08-07
2040,Biomass,6391.934367957325,4402.046282417761,864.4563815112283,345.3059352636966,603.3215344814232,GenX,full-base-200,2024-08-07
2040,Conventional Hydroelectric,0.0,0.0,0.0,0.0,0.0,GenX,full-base-200,2024-08-07
2040,Conventional Steam Coal,115.83424794903657,163.73791573459144,10.14983863039784,2.1772135765086156,0.7565537794385434,GenX,full-base-200,2024-08-07
2040,Geothermal,0.0,0.0,0.0,0.0,0.0,GenX,full-base-200,2024-08-07
2040,Hydroelectric Pumped Storage,0.0,0.0,0.0,0.0,0.0,GenX,full-base-200,2024-08-07
2040,Natural Gas Fired Combined Cycle,18634.35174487042,726.8597734379947,6601.2700356145815,1450.6400488428458,4123.792601861973,GenX,full-base-200,2024-08-07
2040,Natural Gas Fired Combustion Turbine,769.9055361510249,14.599429944945689,127.50101227883763,35.555752727160424,103.2487687653515,GenX,full-base-200,2024-08-07
2040,Natural Gas Internal Combustion Engine,1493.2923121844299,37.60030032979789,413.4586870880468,131.55405077888037,0.0,GenX,full-base-200,2024-08-07
2040,Natural Gas Steam Turbine,82.73736830321022,7.347966041280844,4.774146317248912,2.711672921297895,1.6525705150114962,GenX,full-base-200,2024-08-07
2040,Nuclear,0.0,0.0,0.0,0.0,0.0,GenX,full-base-200,2024-08-07
2040,Offshore Wind Turbine,0.0,0.0,0.0,0.0,0.0,GenX,full-base-200,2024-08-07
2040,Onshore Wind Turbine,0.0,0.0,0.0,0.0,0.0,GenX,full-base-200,2024-08-07
2040,Petroleum Liquids,6.500320923858201,0.4410939736352042,1.7491970188259245,0.2990320456621417,1.0593740940519747,GenX,full-base-200,2024-08-07
2040,Small Hydroelectric,0.0,0.0,0.0,0.0,0.0,GenX,full-base-200,2024-08-07
2040,Solar Photovoltaic,0.0,0.0,0.0,0.0,0.0,GenX,full-base-200,2024-08-07
2045,Biomass,5229.903177665201,3601.769748459288,707.3012512898064,282.5305305316173,493.63980114623513,GenX,full-base-200,2024-08-07
2045,Conventional Hydroelectric,0.0,0.0,0.0,0.0,0.0,GenX,full-base-200,2024-08-07
2045,Conventional Steam Coal,380.0123606513338,537.1678323824157,33.298132516598805,7.1426895369941725,2.4819929578221136,GenX,full-base-200,2024-08-07
2045,Geothermal,0.0,0.0,0.0,0.0,0.0,GenX,full-base-200,2024-08-07
2045,Hydroelectric Pumped Storage,0.0,0.0,0.0,0.0,0.0,GenX,full-base-200,2024-08-07
2045,Natural Gas Fired Combined Cycle,18286.859222809595,713.3053262903468,6478.169859934379,1423.588580883216,4046.892309794059,GenX,full-base-200,2024-08-07
2045,Natural Gas Fired Combustion Turbine,1078.740336703201,20.455748445736827,178.6459227235538,49.8183515608712,144.6652950944337,GenX,full-base-200,2024-08-07
2045,Natural Gas Internal Combustion Engine,1748.8777746275914,44.03580533399579,484.2244901918999,154.0702739123178,0.0,GenX,full-base-200,2024-08-07
2045,Natural Gas Steam Turbine,89.66635494794743,7.963334400344811,5.173965609917368,2.9387667465173712,1.790967943680458,GenX,full-base-200,2024-08-07
2045,Nuclear,0.0,0.0,0.0,0.0,0.0,GenX,full-base-200,2024-08-07
2045,Offshore Wind Turbine,0.0,0.0,0.0,0.0,0.0,GenX,full-base-200,2024-08-07
2045,Onshore Wind Turbine,0.0,0.0,0.0,0.0,0.0,GenX,full-base-200,2024-08-07
2045,Petroleum Liquids,5.869529379624362,0.39829018716977466,1.5794548320017805,0.2700139574680178,0.9565723664856165,GenX,full-base-200,2024-08-07
2045,Small Hydroelectric,0.0,0.0,0.0,0.0,0.0,GenX,full-base-200,2024-08-07
2045,Solar Photovoltaic,0.0,0.0,0.0,0.0,0.0,GenX,full-base-200,2024-08-07
2050,Biomass,3770.880208322397,2596.9586430207764,509.9804335194402,203.71099609995582,355.92562480545894,GenX,full-base-200,2024-08-07
2050,Conventional Hydroelectric,0.0,0.0,0.0,0.0,0.0,GenX,full-base-200,2024-08-07
2050,Conventional Steam Coal,334.6986111115049,473.1144195520819,29.327568942258676,6.29097501864177,2.186033092049322,GenX,full-base-200,2024-08-07
2050,Geothermal,0.0,0.0,0.0,0.0,0.0,GenX,full-base-200,2024-08-07
2050,Hydroelectric Pumped Storage,0.0,0.0,0.0,0.0,0.0,GenX,full-base-200,2024-08-07
2050,Natural Gas Fired Combined Cycle,15361.47243398805,599.1963941603808,5441.843594549465,1195.8541636991847,3399.5025555114676,GenX,full-base-200,2024-08-07
2050,Natural Gas Fired Combustion Turbine,763.4120918514818,14.476297195924918,126.42565863804295,35.255872691206434,102.37796046810774,GenX,full-base-200,2024-08-07
2050,Natural Gas Internal Combustion Engine,1312.806491866394,33.05576407667752,363.4862672893116,115.65385456327547,0.0,GenX,full-base-200,2024-08-07
2050,Natural Gas Steam Turbine,34.245450232781266,3.041363419448845,1.9760453282996193,1.1223762850852554,0.6840079940733634,GenX,full-base-200,2024-08-07
2050,Nuclear,0.0,0.0,0.0,0.0,0.0,GenX,full-base-200,2024-08-07
2050,Onshore Wind Turbine,0.0,0.0,0.0,0.0,0.0,GenX,full-base-200,2024-08-07
2050,Petroleum Liquids,4.143153218483933,0.28114302938690255,1.1148974555566453,0.19059606393703699,0.6752203835414335,GenX,full-base-200,2024-08-07
2050,Small Hydroelectric,0.0,0.0,0.0,0.0,0.0,GenX,full-base-200,2024-08-07
2050,Solar Photovoltaic,0.0,0.0,0.0,0.0,0.0,GenX,full-base-200,2024-08-07
2020,All Other,0.0,0.0,0.0,0.0,0.0,GenX,full-base-1000,2024-08-07
2020,Batteries,0.0,0.0,0.0,0.0,0.0,GenX,full-base-1000,2024-08-07
2020,Coal Integrated Gasification Combined Cycle,0.0,0.0,0.0,0.0,0.0,GenX,full-base-1000,2024-08-07
2020,Conventional Hydroelectric,0.0,0.0,0.0,0.0,0.0,GenX,full-base-1000,2024-08-07
2020,Conventional Steam Coal,543313.0354051593,768002.0855992011,47607.16051422218,10212.079224606023,3548.5664873038895,GenX,full-base-1000,2024-08-07
2020,Geothermal,0.0,0.0,0.0,0.0,0.0,GenX,full-base-1000,2024-08-07
2020,Hydroelectric Pumped Storage,0.0,0.0,0.0,0.0,0.0,GenX,full-base-1000,2024-08-07
2020,Landfill Gas,0.0,0.0,0.0,0.0,0.0,GenX,full-base-1000,2024-08-07
2020,Municipal Solid Waste,0.0,0.0,0.0,0.0,0.0,GenX,full-base-1000,2024-08-07
2020,Natural Gas Fired Combined Cycle,107110.16844793526,4177.98664728989,37944.06991805458,8338.272353995362,23703.5409805106,GenX,full-base-1000,2024-08-07
2020,Natural Gas Fired Combustion Turbine,29592.95881686198,561.1601798193723,4900.772923830122,1366.6610730163482,3968.586298573384,GenX,full-base-1000,2024-08-07
2020,Natural Gas Internal Combustion Engine,12459.22180575415,313.71652954312145,3449.675222937632,1097.6157077389962,0.0,GenX,full-base-1000,2024-08-07
2020,Natural Gas Steam Turbine,91268.86647618325,8105.65461830346,5266.434402045714,2991.2882033427773,1822.9760115685174,GenX,full-base-1000,2024-08-07
2020,Natural Gas with Compressed Air Storage,0.0,0.0,0.0,0.0,0.0,GenX,full-base-1000,2024-08-07
2020,Nuclear,0.0,0.0,0.0,0.0,0.0,GenX,full-base-1000,2024-08-07
2020,Offshore Wind Turbine,0.0,0.0,0.0,0.0,0.0,GenX,full-base-1000,2024-08-07
2020,Onshore Wind Turbine,0.0,0.0,0.0,0.0,0.0,GenX,full-base-1000,2024-08-07
2020,Other Gases,0.0,0.0,0.0,0.0,0.0,GenX,full-base-1000,2024-08-07
2020,Other Natural Gas,0.0,0.0,0.0,0.0,0.0,GenX,full-base-1000,2024-08-07
2020,Other Waste Biomass,0.0,0.0,0.0,0.0,0.0,GenX,full-base-1000,2024-08-07
2020,Petroleum Coke,0.0,0.0,0.0,0.0,0.0,GenX,full-base-1000,2024-08-07
2020,Petroleum Liquids,1905.09699622231,129.27466413849345,512.6500714965288,87.63952713076634,310.47857914932905,GenX,full-base-1000,2024-08-07
2020,Solar Photovoltaic,0.0,0.0,0.0,0.0,0.0,GenX,full-base-1000,2024-08-07
2020,Solar Thermal with Energy Storage,0.0,0.0,0.0,0.0,0.0,GenX,full-base-1000,2024-08-07
2020,Solar Thermal without Energy Storage,0.0,0.0,0.0,0.0,0.0,GenX,full-base-1000,2024-08-07
2020,Wood/Wood Waste Biomass,0.0,0.0,0.0,0.0,0.0,GenX,full-base-1000,2024-08-07
2027,Batteries,0.0,0.0,0.0,0.0,0.0,GenX,full-base-1000,2024-08-07
2027,Biomass,12490.436789832343,8602.009606370006,1689.2285135092422,674.7600506016236,1178.946631267285,GenX,full-base-1000,2024-08-07
2027,Conventional Hydroelectric,0.0,0.0,0.0,0.0,0.0,GenX,full-base-1000,2024-08-07
2027,Conventional Steam Coal,163366.64830092838,230927.51036039792,14314.808851462583,3070.6297224459836,1067.0044256742865,GenX,full-base-1000,2024-08-07
2027,Geothermal,0.0,0.0,0.0,0.0,0.0,GenX,full-base-1000,2024-08-07
2027,Hydroelectric Pumped Storage,0.0,0.0,0.0,0.0,0.0,GenX,full-base-1000,2024-08-07
2027,Natural Gas CCS,1.5783657873400354,0.08160488549248761,0.7116587864003279,0.19245227085830402,0.36485357298547,GenX,full-base-1000,2024-08-07
2027,Natural Gas Fired Combined Cycle,134770.965108006,5256.935927024723,47742.982735272235,10491.599712380274,29824.89095770034,GenX,full-base-1000,2024-08-07
2027,Natural Gas Fired Combustion Turbine,997.4635210250177,18.914526671213654,165.18599057970172,46.06482827131065,133.76560577684097,GenX,full-base-1000,2024-08-07
2027,Natural Gas Internal Combustion Engine,4918.226624728724,123.83831127429573,1361.7451228200443,433.27929157094223,0.0,GenX,full-base-1000,2024-08-07
2027,Natural Gas Steam Turbine,838.8699632540031,74.50065344659701,48.40482635419332,27.493513638356568,16.755328283127838,GenX,full-base-1000,2024-08-07
2027,Nuclear,0.0,0.0,0.0,0.0,0.0,GenX,full-base-1000,2024-08-07
2027,Offshore Wind Turbine,0.0,0.0,0.0,0.0,0.0,GenX,full-base-1000,2024-08-07
2027,Onshore Wind Turbine,0.0,0.0,0.0,0.0,0.0,GenX,full-base-1000,2024-08-07
2027,Petroleum Liquids,7.987917033633181,0.5420381711465256,2.1495001286131545,0.3674654219578195,1.3018114751548049,GenX,full-base-1000,2024-08-07
2027,Small Hydroelectric,0.0,0.0,0.0,0.0,0.0,GenX,full-base-1000,2024-08-07
2027,Solar Photovoltaic,0.0,0.0,0.0,0.0,0.0,GenX,full-base-1000,2024-08-07
2030,Batteries,0.0,0.0,0.0,0.0,0.0,GenX,full-base-1000,2024-08-07
2030,Biomass,10780.699870023609,7424.534898637418,1458.0007026538665,582.3964135297217,1017.5680809508818,GenX,full-base-1000,2024-08-07
2030,Conventional Hydroelectric,0.0,0.0,0.0,0.0,0.0,GenX,full-base-1000,2024-08-07
2030,Conventional Steam Coal,14.804352358133231,20.926745257479617,1.2972138216731246,0.2782617189324368,0.09669237662434157,GenX,full-base-1000,2024-08-07
2030,Geothermal,0.0,0.0,0.0,0.0,0.0,GenX,full-base-1000,2024-08-07
2030,Hydroelectric Pumped Storage,0.0,0.0,0.0,0.0,0.0,GenX,full-base-1000,2024-08-07
2030,Natural Gas Fired Combined Cycle,36821.66020797287,1436.2819787248843,13044.173766838132,2866.4788393979024,8148.654272114033,GenX,full-base-1000,2024-08-07
2030,Natural Gas Fired Combustion Turbine,438.3472519571345,8.312214545827464,72.59295553788303,20.243738702199504,58.784892342132046,GenX,full-base-1000,2024-08-07
2030,Natural Gas Internal Combustion Engine,2036.2680152332264,51.272137611644425,563.7963131988132,179.38839146874093,0.0,GenX,full-base-1000,2024-08-07
2030,Natural Gas Steam Turbine,145.3502051047899,12.908657757751792,8.387058479662597,4.763775103932827,2.9031798839283294,GenX,full-base-1000,2024-08-07
2030,Nuclear,0.0,0.0,0.0,0.0,0.0,GenX,full-base-1000,2024-08-07
2030,Offshore Wind Turbine,0.0,0.0,0.0,0.0,0.0,GenX,full-base-1000,2024-08-07
2030,Onshore Wind Turbine,0.0,0.0,0.0,0.0,0.0,GenX,full-base-1000,2024-08-07
2030,Petroleum Liquids,5.721143263149546,0.38822111173260004,1.5395250261332347,0.26318780157862703,0.9323894977393307,GenX,full-base-1000,2024-08-07
2030,Small Hydroelectric,0.0,0.0,0.0,0.0,0.0,GenX,full-base-1000,2024-08-07
2030,Solar Photovoltaic,0.0,0.0,0.0,0.0,0.0,GenX,full-base-1000,2024-08-07
2035,Batteries,0.0,0.0,0.0,0.0,0.0,GenX,full-base-1000,2024-08-07
2035,Biomass,8505.458055858646,5857.603952059653,1150.293020986191,459.4829952490558,802.8126871033418,GenX,full-base-1000,2024-08-07
2035,Conventional Hydroelectric,0.0,0.0,0.0,0.0,0.0,GenX,full-base-1000,2024-08-07
2035,Conventional Steam Coal,31.697080489807572,44.80552156350268,2.777419094289155,0.5957764236399083,0.20702466210409828,GenX,full-base-1000,2024-08-07
2035,Geothermal,0.0,0.0,0.0,0.0,0.0,GenX,full-base-1000,2024-08-07
2035,Hydroelectric Pumped Storage,0.0,0.0,0.0,0.0,0.0,GenX,full-base-1000,2024-08-07
2035,Natural Gas Fired Combined Cycle,21826.066772062128,851.3572227351954,7731.943807350231,1699.107487170147,4830.120946233171,GenX,full-base-1000,2024-08-07
2035,Natural Gas Fired Combustion Turbine,393.1589773563713,7.455326241497361,65.1095040179277,18.15685525685617,52.724884333247964,GenX,full-base-1000,2024-08-07
2035,Natural Gas Internal Combustion Engine,1161.4700461775706,29.245193458778875,321.5846465332647,102.3216206139026,0.0,GenX,full-base-1000,2024-08-07
2035,Natural Gas Steam Turbine,71.56078447917062,6.355365477825584,4.129230391141408,2.3453663740894273,1.4293328986242508,GenX,full-base-1000,2024-08-07
2035,Nuclear,0.0,0.0,0.0,0.0,0.0,GenX,full-base-1000,2024-08-07
2035,Offshore Wind Turbine,0.0,0.0,0.0,0.0,0.0,GenX,full-base-1000,2024-08-07
2035,Onshore Wind Turbine,0.0,0.0,0.0,0.0,0.0,GenX,full-base-1000,2024-08-07
2035,Petroleum Liquids,6.872221156010379,0.4663301047612492,1.8492731204524802,0.3161404451558522,1.1199836356621278,GenX,full-base-1000,2024-08-07
2035,Small Hydroelectric,0.0,0.0,0.0,0.0,0.0,GenX,full-base-1000,2024-08-07
2035,Solar Photovoltaic,0.0,0.0,0.0,0.0,0.0,GenX,full-base-1000,2024-08-07
2040,Batteries,0.0,0.0,0.0,0.0,0.0,GenX,full-base-1000,2024-08-07
2040,Biomass,6391.934367957325,4402.046282417761,864.4563815112283,345.3059352636966,603.3215344814232,GenX,full-base-1000,2024-08-07
2040,Conventional Hydroelectric,0.0,0.0,0.0,0.0,0.0,GenX,full-base-1000,2024-08-07
2040,Conventional Steam Coal,19.65681428068745,27.785960174039225,1.7224050440113106,0.3694683021695839,0.12838549391988618,GenX,full-base-1000,2024-08-07
2040,Geothermal,0.0,0.0,0.0,0.0,0.0,GenX,full-base-1000,2024-08-07
2040,Hydroelectric Pumped Storage,0.0,0.0,0.0,0.0,0.0,GenX,full-base-1000,2024-08-07
2040,Natural Gas Fired Combined Cycle,12585.200567594278,490.90390470660896,4458.341697984163,979.7279892549828,2785.1120180706503,GenX,full-base-1000,2024-08-07
2040,Natural Gas Fired Combustion Turbine,339.392142683978,6.4357659197397785,56.205391076967764,15.673797025984156,45.514441987180895,GenX,full-base-1000,2024-08-07
2040,Natural Gas Internal Combustion Engine,771.7664080884589,19.432664650985927,213.6845701429568,67.99003544763701,0.0,GenX,full-base-1000,2024-08-07
2040,Natural Gas Steam Turbine,44.46356280387973,3.9488414516635006,2.5656551442871045,1.457269450459797,0.8881014031383271,GenX,full-base-1000,2024-08-07
2040,Nuclear,0.0,0.0,0.0,0.0,0.0,GenX,full-base-1000,2024-08-07
2040,Offshore Wind Turbine,0.0,0.0,0.0,0.0,0.0,GenX,full-base-1000,2024-08-07
2040,Onshore Wind Turbine,0.0,0.0,0.0,0.0,0.0,GenX,full-base-1000,2024-08-07
2040,Petroleum Liquids,5.21168612285656,0.35365074558592646,1.4024331930593767,0.23975141857177476,0.8493619514415309,GenX,full-base-1000,2024-08-07
2040,Small Hydroelectric,0.0,0.0,0.0,0.0,0.0,GenX,full-base-1000,2024-08-07
2040,Solar Photovoltaic,0.0,0.0,0.0,0.0,0.0,GenX,full-base-1000,2024-08-07
2045,Biomass,5229.903177665201,3601.769748459288,707.3012512898064,282.5305305316173,493.63980114623513,GenX,full-base-1000,2024-08-07
2045,Conventional Hydroelectric,0.0,0.0,0.0,0.0,0.0,GenX,full-base-1000,2024-08-07
2045,Conventional Steam Coal,22.83401270731381,32.27710038051691,2.0008032888999865,0.42918673322251555,0.149136882393077,GenX,full-base-1000,2024-08-07
2045,Geothermal,0.0,0.0,0.0,0.0,0.0,GenX,full-base-1000,2024-08-07
2045,Hydroelectric Pumped Storage,0.0,0.0,0.0,0.0,0.0,GenX,full-base-1000,2024-08-07
2045,Natural Gas Fired Combined Cycle,3829.144721194058,149.3613141264529,1356.484983010385,298.0898268655012,847.391896907047,GenX,full-base-1000,2024-08-07
2045,Natural Gas Fired Combustion Turbine,53.179978694771314,1.0084319919420863,8.806926042444116,2.4559560669739593,7.131741577872862,GenX,full-base-1000,2024-08-07
2045,Natural Gas Internal Combustion Engine,299.2744065345905,7.535569208323124,82.86227833306081,26.365072767620532,0.0,GenX,full-base-1000,2024-08-07
2045,Natural Gas Steam Turbine,24.239692138027085,2.15274474320468,1.3986888793454566,0.794442923908364,0.48415608740972355,GenX,full-base-1000,2024-08-07
2045,Nuclear,0.0,0.0,0.0,0.0,0.0,GenX,full-base-1000,2024-08-07
2045,Offshore Wind Turbine,0.0,0.0,0.0,0.0,0.0,GenX,full-base-1000,2024-08-07
2045,Onshore Wind Turbine,0.0,0.0,0.0,0.0,0.0,GenX,full-base-1000,2024-08-07
2045,Petroleum Liquids,5.083133014152414,0.34492748373383103,1.367840329546935,0.23383763377217567,0.8284113192087168,GenX,full-base-1000,2024-08-07
2045,Small Hydroelectric,0.0,0.0,0.0,0.0,0.0,GenX,full-base-1000,2024-08-07
2045,Solar Photovoltaic,0.0,0.0,0.0,0.0,0.0,GenX,full-base-1000,2024-08-07
2050,Biomass,3770.880208322397,2596.9586430207764,509.9804335194402,203.71099609995582,355.92562480545894,GenX,full-base-1000,2024-08-07
2050,Conventional Hydroelectric,0.0,0.0,0.0,0.0,0.0,GenX,full-base-1000,2024-08-07
2050,Conventional Steam Coal,13.397392259683055,18.93793177510328,1.173930611296856,0.25181658131390317,0.08750303065068768,GenX,full-base-1000,2024-08-07
2050,Geothermal,0.0,0.0,0.0,0.0,0.0,GenX,full-base-1000,2024-08-07
2050,Hydroelectric Pumped Storage,0.0,0.0,0.0,0.0,0.0,GenX,full-base-1000,2024-08-07
2050,Natural Gas Fired Combined Cycle,1414.1653012692866,55.16155778090982,500.97192306378923,110.08941173764461,312.95558262656084,GenX,full-base-1000,2024-08-07
2050,Natural Gas Fired Combustion Turbine,13.959724043878072,0.26471301173939554,2.3118147138229457,0.6446875271541896,1.8720794333290183,GenX,full-base-1000,2024-08-07
2050,Natural Gas Internal Combustion Engine,105.28141084709237,2.6509295164084414,29.15002879773744,9.274939645534035,0.0,GenX,full-base-1000,2024-08-07
2050,Natural Gas Steam Turbine,7.860276441154945,0.6980768853200932,0.4535569669870953,0.2576163493777533,0.15699872201504575,GenX,full-base-1000,2024-08-07
2050,Nuclear,0.0,0.0,0.0,0.0,0.0,GenX,full-base-1000,2024-08-07
2050,Onshore Wind Turbine,0.0,0.0,0.0,0.0,0.0,GenX,full-base-1000,2024-08-07
2050,Petroleum Liquids,2.2885152149164614,0.15529237428372633,0.6158255935914109,0.10527778462962757,0.3729652367820806,GenX,full-base-1000,2024-08-07
2050,Small Hydroelectric,0.0,0.0,0.0,0.0,0.0,GenX,full-base-1000,2024-08-07
2050,Solar Photovoltaic,0.0,0.0,0.0,0.0,0.0,GenX,full-base-1000,2024-08-07
2020,All Other,0.0,0.0,0.0,0.0,0.0,GenX,full-current-policies,2024-08-07
2020,Batteries,0.0,0.0,0.0,0.0,0.0,GenX,full-current-policies,2024-08-07
2020,Coal Integrated Gasification Combined Cycle,0.0,0.0,0.0,0.0,0.0,GenX,full-current-policies,2024-08-07
2020,Conventional Hydroelectric,0.0,0.0,0.0,0.0,0.0,GenX,full-current-policies,2024-08-07
2020,Conventional Steam Coal,543313.0354051593,768002.0855992011,47607.16051422218,10212.079224606023,3548.5664873038895,GenX,full-current-policies,2024-08-07
2020,Geothermal,0.0,0.0,0.0,0.0,0.0,GenX,full-current-policies,2024-08-07
2020,Hydroelectric Pumped Storage,0.0,0.0,0.0,0.0,0.0,GenX,full-current-policies,2024-08-07
2020,Landfill Gas,0.0,0.0,0.0,0.0,0.0,GenX,full-current-policies,2024-08-07
2020,Municipal Solid Waste,0.0,0.0,0.0,0.0,0.0,GenX,full-current-policies,2024-08-07
2020,Natural Gas Fired Combined Cycle,107110.16844793526,4177.98664728989,37944.06991805458,8338.272353995362,23703.5409805106,GenX,full-current-policies,2024-08-07
2020,Natural Gas Fired Combustion Turbine,29592.95881686198,561.1601798193723,4900.772923830122,1366.6610730163482,3968.586298573384,GenX,full-current-policies,2024-08-07
2020,Natural Gas Internal Combustion Engine,12459.22180575415,313.71652954312145,3449.675222937632,1097.6157077389962,0.0,GenX,full-current-policies,2024-08-07
2020,Natural Gas Steam Turbine,91268.86647618325,8105.65461830346,5266.434402045714,2991.2882033427773,1822.9760115685174,GenX,full-current-policies,2024-08-07
2020,Natural Gas with Compressed Air Storage,0.0,0.0,0.0,0.0,0.0,GenX,full-current-policies,2024-08-07
2020,Nuclear,0.0,0.0,0.0,0.0,0.0,GenX,full-current-policies,2024-08-07
2020,Offshore Wind Turbine,0.0,0.0,0.0,0.0,0.0,GenX,full-current-policies,2024-08-07
2020,Onshore Wind Turbine,0.0,0.0,0.0,0.0,0.0,GenX,full-current-policies,2024-08-07
2020,Other Gases,0.0,0.0,0.0,0.0,0.0,GenX,full-current-policies,2024-08-07
2020,Other Natural Gas,0.0,0.0,0.0,0.0,0.0,GenX,full-current-policies,2024-08-07
2020,Other Waste Biomass,0.0,0.0,0.0,0.0,0.0,GenX,full-current-policies,2024-08-07
2020,Petroleum Coke,0.0,0.0,0.0,0.0,0.0,GenX,full-current-policies,2024-08-07
2020,Petroleum Liquids,1905.09699622231,129.27466413849345,512.6500714965288,87.63952713076634,310.47857914932905,GenX,full-current-policies,2024-08-07
2020,Solar Photovoltaic,0.0,0.0,0.0,0.0,0.0,GenX,full-current-policies,2024-08-07
2020,Solar Thermal with Energy Storage,0.0,0.0,0.0,0.0,0.0,GenX,full-current-policies,2024-08-07
2020,Solar Thermal without Energy Storage,0.0,0.0,0.0,0.0,0.0,GenX,full-current-policies,2024-08-07
2020,Wood/Wood Waste Biomass,0.0,0.0,0.0,0.0,0.0,GenX,full-current-policies,2024-08-07
2027,Batteries,0.0,0.0,0.0,0.0,0.0,GenX,full-current-policies,2024-08-07
2027,Biomass,12490.436789832343,8602.009606370006,1689.2285135092422,674.7600506016236,1178.946631267285,GenX,full-current-policies,2024-08-07
2027,Conventional Hydroelectric,0.0,0.0,0.0,0.0,0.0,GenX,full-current-policies,2024-08-07
2027,Conventional Steam Coal,738687.4580785955,1044174.2999729002,64726.61264305185,13884.325154275182,4824.624824940302,GenX,full-current-policies,2024-08-07
2027,Geothermal,0.0,0.0,0.0,0.0,0.0,GenX,full-current-policies,2024-08-07
2027,Hydroelectric Pumped Storage,0.0,0.0,0.0,0.0,0.0,GenX,full-current-policies,2024-08-07
2027,Natural Gas CCS,3.917772895226803,0.2025572342386805,1.7664584004370256,0.4776993371505942,0.9056287524947363,GenX,full-current-policies,2024-08-07
2027,Natural Gas Fired Combined Cycle,61564.97524431842,2401.4306786990524,21809.56074501205,4792.687178936136,13624.36391253713,GenX,full-current-policies,2024-08-07
2027,Natural Gas Fired Combustion Turbine,443.0611005042798,8.401601487995954,73.37359736115764,20.461433504309234,59.41704659455143,GenX,full-current-policies,2024-08-07
2027,Natural Gas Internal Combustion Engine,1861.3627317359499,46.86811628567526,515.3690171567137,163.9798218545063,0.0,GenX,full-current-policies,2024-08-07
2027,Natural Gas Steam Turbine,338.3852606457957,30.05224187193297,19.525648193245193,11.090395634736812,6.758802170361331,GenX,full-current-policies,2024-08-07
2027,Nuclear,0.0,0.0,0.0,0.0,0.0,GenX,full-current-policies,2024-08-07
2027,Offshore Wind Turbine,0.0,0.0,0.0,0.0,0.0,GenX,full-current-policies,2024-08-07
2027,Onshore Wind Turbine,0.0,0.0,0.0,0.0,0.0,GenX,full-current-policies,2024-08-07
2027,Petroleum Liquids,4.291759445422488,0.29122704091726803,1.1548864918188124,0.19743234549299327,0.6994391242586339,GenX,full-current-policies,2024-08-07
2027,Small Hydroelectric,0.0,0.0,0.0,0.0,0.0,GenX,full-current-policies,2024-08-07
2027,Solar Photovoltaic,0.0,0.0,0.0,0.0,0.0,GenX,full-current-policies,2024-08-07
2030,Batteries,0.0,0.0,0.0,0.0,0.0,GenX,full-current-policies,2024-08-07
2030,Biomass,10780.699870023609,7424.534898637418,1458.0007026538665,582.3964135297217,1017.5680809508818,GenX,full-current-policies,2024-08-07
2030,Conventional Hydroelectric,0.0,0.0,0.0,0.0,0.0,GenX,full-current-policies,2024-08-07
2030,Conventional Steam Coal,678168.9399578706,958628.1321003956,59423.749250297595,12746.822717684961,4429.357324862098,GenX,full-current-policies,2024-08-07
2030,Geothermal,0.0,0.0,0.0,0.0,0.0,GenX,full-current-policies,2024-08-07
2030,Hydroelectric Pumped Storage,0.0,0.0,0.0,0.0,0.0,GenX,full-current-policies,2024-08-07
2030,Natural Gas Fired Combined Cycle,59465.218612703495,2319.526641980915,21065.71621936719,4629.226109597759,13159.68657995711,GenX,full-current-policies,2024-08-07
2030,Natural Gas Fired Combustion Turbine,696.9632552353944,13.216252827430583,115.42132948922604,32.187134654147265,93.46678858486618,GenX,full-current-policies,2024-08-07
2030,Natural Gas Internal Combustion Engine,2258.7375932685068,56.87380238960977,625.3930808919013,198.98721611064718,0.0,GenX,full-current-policies,2024-08-07
2030,Natural Gas Steam Turbine,500.3808154057067,44.439185276417504,28.87318361802998,16.399713156213224,9.99445110202758,GenX,full-current-policies,2024-08-07
2030,Nuclear,0.0,0.0,0.0,0.0,0.0,GenX,full-current-policies,2024-08-07
2030,Offshore Wind Turbine,0.0,0.0,0.0,0.0,0.0,GenX,full-current-policies,2024-08-07
2030,Onshore Wind Turbine,0.0,0.0,0.0,0.0,0.0,GenX,full-current-policies,2024-08-07
2030,Petroleum Liquids,5.746091742772163,0.38991404722637024,1.5462385110044121,0.2643354979747125,0.9364554159159513,GenX,full-current-policies,2024-08-07
2030,Small Hydroelectric,0.0,0.0,0.0,0.0,0.0,GenX,full-current-policies,2024-08-07
2030,Solar Photovoltaic,0.0,0.0,0.0,0.0,0.0,GenX,full-current-policies,2024-08-07
2035,Batteries,0.0,0.0,0.0,0.0,0.0,GenX,full-current-policies,2024-08-07
2035,Biomass,8505.458055858646,5857.603952059653,1150.293020986191,459.4829952490558,802.8126871033418,GenX,full-current-policies,2024-08-07
2035,Conventional Hydroelectric,0.0,0.0,0.0,0.0,0.0,GenX,full-current-policies,2024-08-07
2035,Conventional Steam Coal,546023.548908168,771833.5416617325,47844.66604603308,10263.025873827215,3566.2697941516412,GenX,full-current-policies,2024-08-07
2035,Geothermal,0.0,0.0,0.0,0.0,0.0,GenX,full-current-policies,2024-08-07
2035,Hydroelectric Pumped Storage,0.0,0.0,0.0,0.0,0.0,GenX,full-current-policies,2024-08-07
2035,Natural Gas Fired Combined Cycle,69488.25372520299,2710.4895866960655,24616.403802168094,5409.495600279251,15377.789930748806,GenX,full-current-policies,2024-08-07
2035,Natural Gas Fired Combustion Turbine,3462.0387223433554,65.64934192605469,573.3345467991592,159.88376101162146,464.2793417058951,GenX,full-current-policies,2024-08-07
2035,Natural Gas Internal Combustion Engine,7461.027951069153,187.8646862641645,2065.7889924201786,657.2915710667456,0.0,GenX,full-current-policies,2024-08-07
2035,Natural Gas Steam Turbine,606.6146640141156,53.873890875808335,35.003133693821006,19.881470631758955,12.116333021973057,GenX,full-current-policies,2024-08-07
2035,Nuclear,0.0,0.0,0.0,0.0,0.0,GenX,full-current-policies,2024-08-07
2035,Offshore Wind Turbine,0.0,0.0,0.0,0.0,0.0,GenX,full-current-policies,2024-08-07
2035,Onshore Wind Turbine,0.0,0.0,0.0,0.0,0.0,GenX,full-current-policies,2024-08-07
2035,Petroleum Liquids,20.60752516924789,1.3983702143579464,5.545360300462443,0.9480009494264618,3.3584616148255697,GenX,full-current-policies,2024-08-07
2035,Small Hydroelectric,0.0,0.0,0.0,0.0,0.0,GenX,full-current-policies,2024-08-07
2035,Solar Photovoltaic,0.0,0.0,0.0,0.0,0.0,GenX,full-current-policies,2024-08-07
2040,Batteries,0.0,0.0,0.0,0.0,0.0,GenX,full-current-policies,2024-08-07
2040,Biomass,6391.934367957325,4402.046282417761,864.4563815112283,345.3059352636966,603.3215344814232,GenX,full-current-policies,2024-08-07
2040,Conventional Hydroelectric,0.0,0.0,0.0,0.0,0.0,GenX,full-current-policies,2024-08-07
2040,Conventional Steam Coal,333705.22189794463,471710.21067412436,29240.524390294646,6272.303334568921,2179.544921432432,GenX,full-current-policies,2024-08-07
2040,Geothermal,0.0,0.0,0.0,0.0,0.0,GenX,full-current-policies,2024-08-07
2040,Hydroelectric Pumped Storage,0.0,0.0,0.0,0.0,0.0,GenX,full-current-policies,2024-08-07
2040,Natural Gas Fired Combined Cycle,60330.23920481485,2353.2680181344667,21372.152128331192,4696.56590929516,13351.116127227999,GenX,full-current-policies,2024-08-07
2040,Natural Gas Fired Combustion Turbine,4515.518790741761,85.62608937726685,747.7972163467485,208.53554367345978,605.557089265353,GenX,full-current-policies,2024-08-07
2040,Natural Gas Internal Combustion Engine,6805.343144915961,171.35489415455348,1884.2447784148785,599.5279359232441,0.0,GenX,full-current-policies,2024-08-07
2040,Natural Gas Steam Turbine,644.3223247351402,57.222735734625026,37.17895694340298,21.117319010788474,12.869494133760615,GenX,full-current-policies,2024-08-07
2040,Nuclear,0.0,0.0,0.0,0.0,0.0,GenX,full-current-policies,2024-08-07
2040,Offshore Wind Turbine,0.0,0.0,0.0,0.0,0.0,GenX,full-current-policies,2024-08-07
2040,Onshore Wind Turbine,0.0,0.0,0.0,0.0,0.0,GenX,full-current-policies,2024-08-07
2040,Petroleum Liquids,22.214782183806328,1.5074342731188861,5.977863435505196,1.0219390454986428,3.620400442715918,GenX,full-current-policies,2024-08-07
2040,Small Hydroelectric,0.0,0.0,0.0,0.0,0.0,GenX,full-current-policies,2024-08-07
2040,Solar Photovoltaic,0.0,0.0,0.0,0.0,0.0,GenX,full-current-policies,2024-08-07
2045,Biomass,5229.903177665201,3601.769748459288,707.3012512898064,282.5305305316173,493.63980114623513,GenX,full-current-policies,2024-08-07
2045,Conventional Hydroelectric,0.0,0.0,0.0,0.0,0.0,GenX,full-current-policies,2024-08-07
2045,Conventional Steam Coal,256216.58417487761,362175.86950526654,22450.674389071148,4815.831547830632,1673.439665250139,GenX,full-current-policies,2024-08-07
2045,Geothermal,0.0,0.0,0.0,0.0,0.0,GenX,full-current-policies,2024-08-07
2045,Hydroelectric Pumped Storage,0.0,0.0,0.0,0.0,0.0,GenX,full-current-policies,2024-08-07
2045,Natural Gas Fired Combined Cycle,47951.669424609696,1870.424045394545,16987.009951527194,3732.923636335251,10611.731619511273,GenX,full-current-policies,2024-08-07
2045,Natural Gas Fired Combustion Turbine,3543.2054468333436,67.18847608266354,586.7762471765428,163.63220007346692,475.1642671607808,GenX,full-current-policies,2024-08-07
2045,Natural Gas Internal Combustion Engine,5297.570741509935,133.38999288608306,1466.7768833127366,466.6982376101832,0.0,GenX,full-current-policies,2024-08-07
2045,Natural Gas Steam Turbine,364.22541390315723,32.347124734785865,21.01668755116484,11.937292814417303,7.27492537142811,GenX,full-current-policies,2024-08-07
2045,Nuclear,0.0,0.0,0.0,0.0,0.0,GenX,full-current-policies,2024-08-07
2045,Offshore Wind Turbine,0.0,0.0,0.0,0.0,0.0,GenX,full-current-policies,2024-08-07
2045,Onshore Wind Turbine,0.0,0.0,0.0,0.0,0.0,GenX,full-current-policies,2024-08-07
2045,Petroleum Liquids,13.65937440648515,0.9268877344522592,3.6756549823803994,0.6283675404770614,2.226103534992574,GenX,full-current-policies,2024-08-07
2045,Small Hydroelectric,0.0,0.0,0.0,0.0,0.0,GenX,full-current-policies,2024-08-07
2045,Solar Photovoltaic,0.0,0.0,0.0,0.0,0.0,GenX,full-current-policies,2024-08-07
2050,Biomass,3770.880208322397,2596.9586430207764,509.9804335194402,203.71099609995582,355.92562480545894,GenX,full-current-policies,2024-08-07
2050,Conventional Hydroelectric,0.0,0.0,0.0,0.0,0.0,GenX,full-current-policies,2024-08-07
2050,Conventional Steam Coal,135699.10520358698,191817.95579887636,11890.473193314698,2550.5922419361445,886.2980744120773,GenX,full-current-policies,2024-08-07
2050,Geothermal,0.0,0.0,0.0,0.0,0.0,GenX,full-current-policies,2024-08-07
2050,Hydroelectric Pumped Storage,0.0,0.0,0.0,0.0,0.0,GenX,full-current-policies,2024-08-07
2050,Natural Gas Fired Combined Cycle,33966.0348458616,1324.8941916880017,12032.560677531965,2644.1751836825765,7516.702761098604,GenX,full-current-policies,2024-08-07
2050,Natural Gas Fired Combustion Turbine,2171.0842126957864,41.16945570529329,359.5446738117958,100.26494133601172,291.1549031942028,GenX,full-current-policies,2024-08-07
2050,Natural Gas Internal Combustion Engine,3662.216239194582,92.21264272428161,1013.9844059566198,322.62898373158026,0.0,GenX,full-current-policies,2024-08-07
2050,Natural Gas Steam Turbine,195.7852236693036,17.38782855208121,11.297281068055117,6.416755817863053,3.910553291048639,GenX,full-current-policies,2024-08-07
2050,Nuclear,0.0,0.0,0.0,0.0,0.0,GenX,full-current-policies,2024-08-07
2050,Onshore Wind Turbine,0.0,0.0,0.0,0.0,0.0,GenX,full-current-policies,2024-08-07
2050,Petroleum Liquids,9.318349181575599,0.6323176526770505,2.507511367472077,0.42866883813896456,1.5186354393764931,GenX,full-current-policies,2024-08-07
2050,Small Hydroelectric,0.0,0.0,0.0,0.0,0.0,GenX,full-current-policies,2024-08-07
2050,Solar Photovoltaic,0.0,0.0,0.0,0.0,0.0,GenX,full-current-policies,2024-08-07
